股票編號,股票名稱,行業編號,現價#,升跌,升跌(%),成交量,成交額,市盈率,市賬率,收益率,市值,股票編號_df4,流動比率,速動比率,資產回報率,股本回報率,毛利率,邊際利潤率,派息比率,債務股本比率,截至,股票編號_df6,收入,年度收入增長,經營溢利,經營利益率,股東應佔溢利,邊際利潤率_df6,每股盈利,每股盈利年度增長,截至_df6,sno,數字市值,type
00001.HK,長和,010101,50.550,-0.650,-1.270%,2.79百萬,1.41億,11.33,0.36,4.36%,"1,936.09億",00001.HK,1.25,1.09,2.03%,4.32%,100.00%,8.53%,41.22%,63.06%,2023/12,00001.HK,"2,755.75億",4.000%,250.74億,9.099%,235.00億,8.528%,6.140,-35.841%,2023/12,0001.HK,193609000000.0,L
00002.HK,中電控股,120101,64.750,-0.100,-0.154%,1.63百萬,1.06億,13.93,1.57,4.87%,"1,635.88億",00002.HK,0.63,0.50,2.91%,6.50%,17.42%,7.63%,117.87%,56.20%,2023/12,00002.HK,871.69億,-13.000%,93.16億,10.687%,66.55億,7.635%,2.630,610.811%,2023/12,0002.HK,163588000000.0,L
00003.HK,香港中華煤氣,120102,6.750,-0.030,-0.442%,7.21百萬,4.87千萬,22.05,2.20,5.19%,"1,259.54億",00003.HK,0.66,0.60,3.75%,10.14%,14.28%,10.65%,107.69%,96.70%,2023/12,00003.HK,569.71億,-6.000%,68.13億,11.959%,60.70億,10.655%,0.325,15.658%,2023/12,0003.HK,125954000000.0,L
00004.HK,九龍倉集團,090201,21.740,-0.400,-1.807%,47.60萬,1.03千萬,無盈利,0.49,1.84%,664.38億,00004.HK,1.89,0.50,0.46%,0.66%,47.77%,4.99%,129.03%,13.59%,2023/12,00004.HK,189.50億,4.000%,68.96億,36.391%,9.45億,4.987%,0.310,N/A,2023/12,0004.HK,66438000000.0,L
00005.HK,匯豐控股,040101,110.900,+1.000,+0.910%,1.53千萬,16.99億,11.44,1.55,6.10%,"19,136.02億",00005.HK,0.76,N/A,0.74%,12.10%,N/A,33.96%,53.04%,N/A,2023/12,00005.HK,"5,159.79億",30.000%,"2,385.56億",46.234%,"1,752.16億",33.958%,8.983,59.784%,2023/12,0005.HK,1913602000000.0,L
00006.HK,電能實業,120101,49.420,-0.300,-0.603%,1.59百萬,7.88千萬,17.21,1.21,5.71%,"1,053.19億",00006.HK,1.34,1.34,6.27%,6.76%,100.00%,464.63%,100.00%,3.49%,2023/12,00006.HK,12.92億,2.000%,11.31億,87.539%,60.03億,464.628%,2.820,6.415%,2023/12,0006.HK,105319000000.0,L
00008.HK,電訊盈科,110101,5.410,0.000,0.000%,4.40百萬,2.38千萬,無盈利,26.11,7.07%,418.79億,00008.HK,0.68,0.61,-0.50%,-18.98%,50.16%,-1.30%,-627.05%,"2,184.16%",2023/12,00008.HK,363.47億,N/A,27.35億,7.525%,-4.71億,-1.296%,-0.061,N/A,2023/12,0008.HK,41879000000.0,L
00011.HK,恆生銀行,040101,120.200,+0.900,+0.754%,1.95百萬,2.34億,12.89,1.43,5.66%,"2,254.64億",00011.HK,0.81,N/A,1.01%,10.19%,N/A,41.99%,72.46%,N/A,2023/12,00011.HK,408.22億,18.000%,199.46億,48.861%,171.40億,41.987%,8.970,62.206%,2023/12,0011.HK,225464000000.0,L
00012.HK,恆基地產,090204,27.160,-0.300,-1.092%,2.28百萬,6.21千萬,20.88,0.41,6.63%,"1,314.92億",00012.HK,2.23,0.66,1.71%,2.84%,36.38%,33.59%,94.24%,48.75%,2023/12,00012.HK,275.70億,7.000%,62.07億,22.514%,92.61億,33.591%,1.910,0.000%,2023/12,0012.HK,131492000000.0,L
00016.HK,新鴻基地產,090201,93.200,+0.200,+0.215%,1.50百萬,1.39億,14.01,0.44,4.02%,"2,700.73億",00016.HK,4.01,0.55,2.33%,3.14%,45.05%,26.64%,57.08%,21.23%,2024/06,00016.HK,715.06億,N/A,267.52億,37.412%,190.46億,26.636%,6.570,-20.364%,2024/06,0016.HK,270073000000.0,L
00019.HK,太古股份公司Ａ,010101,63.850,-0.800,-1.237%,92.65萬,5.91千萬,20.87,0.34,5.25%,497.38億,00019.HK,0.97,0.59,6.44%,10.76%,37.07%,30.43%,56.71%,27.71%,2023/12,00019.HK,948.23億,4.000%,306.21億,32.293%,288.53億,30.428%,19.960,610.320%,2023/12,0019.HK,49738000000.0,L
00020.HK,商湯－Ｗ,070203,2.880,+0.010,+0.348%,4.05億,11.54億,無盈利,4.27,0.00%,"1,113.81億",00020.HK,5.15,5.00,-19.58%,-27.81%,44.07%,-189.09%,N/A,27.81%,2023/12,00020.HK,37.33億,-13.000%,-72.86億,-195.152%,-70.60億,-189.092%,-0.219,-2.287%,2023/12,0020.HK,111381000000.0,L
00023.HK,東亞銀行,040101,12.230,+0.090,+0.741%,1.43百萬,1.74千萬,8.04,0.32,5.64%,322.48億,00023.HK,0.90,N/A,0.41%,3.59%,N/A,16.98%,40.91%,N/A,2023/12,00023.HK,207.46億,15.000%,50.99億,24.578%,35.22億,16.977%,1.320,N/A,2023/12,0023.HK,32248000000.0,L
00027.HK,銀河娛樂,100405,40.880,-1.260,-2.990%,1.20千萬,4.90億,20.41,2.36,2.45%,"1,788.46億",00027.HK,1.53,1.51,7.83%,9.65%,100.00%,19.13%,12.80%,2.94%,2023/12,00027.HK,364.74億,210.000%,69.77億,19.552%,68.28億,19.134%,1.562,N/A,2023/12,0027.HK,178846000000.0,L
00066.HK,港鐵公司,100504,26.340,-0.040,-0.152%,4.43百萬,1.17億,10.38,0.88,4.97%,"1,639.62億",00066.HK,0.57,0.52,2.25%,4.36%,100.00%,13.66%,103.97%,33.44%,2023/12,00066.HK,569.82億,19.000%,108.02億,18.957%,77.84億,13.660%,1.260,-20.755%,2023/12,0066.HK,163962000000.0,L
00083.HK,信和置業,090204,9.980,-0.030,-0.300%,1.98百萬,1.98千萬,22.07,0.54,5.81%,913.18億,00083.HK,9.01,6.99,2.44%,2.66%,39.03%,50.22%,111.54%,0.55%,2024/06,00083.HK,87.65億,-26.000%,43.04億,49.104%,44.02億,50.222%,0.520,-28.767%,2024/06,0083.HK,91318000000.0,L
00087.HK,太古股份公司Ｂ,010101,11.530,-0.070,-0.603%,15.50萬,1.79百萬,18.85,0.31,5.81%,328.48億,00087.HK,0.97,0.59,6.44%,10.76%,37.07%,30.43%,56.74%,27.71%,2023/12,00087.HK,948.23億,4.000%,306.21億,32.293%,288.53億,30.428%,3.990,612.500%,2023/12,0087.HK,32848000000.0,L
00101.HK,恒隆地產,090202,8.620,+0.070,+0.819%,5.60百萬,4.78千萬,18.56,0.31,6.03%,435.88億,00101.HK,1.52,0.58,1.83%,3.00%,71.63%,38.48%,88.64%,38.50%,2023/12,00101.HK,103.16億,N/A,67.53億,65.461%,39.70億,38.484%,0.880,3.529%,2023/12,0101.HK,43588000000.0,L
00135.HK,昆侖能源,120102,6.870,-0.040,-0.579%,8.23百萬,5.67千萬,9.39,0.86,4.92%,594.86億,00135.HK,1.65,1.62,3.96%,8.96%,100.00%,3.20%,43.25%,39.72%,2023/12,00135.HK,"1,954.05億",N/A,132.94億,6.838%,62.29億,3.204%,0.719,5.605%,2023/12,0135.HK,59486000000.0,L
00136.HK,中國儒意,100202,3.020,+0.010,+0.332%,2.34千萬,7.07千萬,無盈利,2.49,0.00%,495.30億,00136.HK,1.96,1.96,4.13%,6.25%,32.01%,19.02%,N/A,16.44%,2023/12,00136.HK,39.76億,167.000%,10.76億,27.071%,7.56億,19.016%,0.072,-24.498%,2023/12,0136.HK,49530000000.0,L
00144.HK,招商局港口,100507,14.660,-0.040,-0.272%,1.03百萬,1.52千萬,7.77,0.59,6.04%,615.43億,00144.HK,0.87,0.86,3.62%,6.10%,44.90%,54.28%,45.69%,36.70%,2023/12,00144.HK,114.82億,-8.000%,29.13億,25.370%,62.33億,54.285%,1.532,-23.968%,2023/12,0144.HK,61542999999.99999,L
00148.HK,建滔集團,060102,27.260,-0.740,-2.643%,92.60萬,2.54千萬,18.53,0.51,5.14%,302.13億,00148.HK,2.33,1.32,2.08%,3.45%,19.12%,5.19%,54.81%,38.38%,2023/12,00148.HK,397.12億,-19.000%,26.97億,6.792%,20.63億,5.195%,1.861,-43.555%,2023/12,0148.HK,30213000000.0,L
00151.HK,中國旺旺,020203,5.220,-0.070,-1.323%,98.79萬,5.16百萬,13.26,3.24,3.05%,616.12億,00151.HK,1.56,1.27,14.53%,24.38%,46.60%,16.92%,71.15%,33.83%,2024/03,00151.HK,254.40億,-2.000%,60.51億,23.784%,43.04億,16.919%,0.363,12.007%,2024/03,0151.HK,61612000000.0,L
00168.HK,青島啤酒股份,020204,50.700,-0.550,-1.073%,1.16百萬,5.86千萬,14.94,2.24,4.69%,332.12億,00168.HK,1.75,1.54,8.65%,15.52%,38.66%,12.55%,63.71%,0.41%,2023/12,00168.HK,372.01億,2.000%,62.89億,16.905%,46.70億,12.552%,3.441,11.485%,2023/12,0168.HK,33212000000.0,L
00175.HK,吉利汽車,020101,19.030,-0.340,-1.755%,1.93千萬,3.66億,10.92,2.08,1.73%,"1,925.56億",00175.HK,1.17,1.01,2.68%,6.70%,15.30%,2.88%,39.35%,10.51%,2023/12,00175.HK,"1,964.43億",17.000%,57.34億,2.919%,56.63億,2.883%,0.559,-2.828%,2023/12,0175.HK,192556000000.0,L
00179.HK,德昌電機控股,020102,41.060,-0.920,-2.192%,2.88百萬,1.18億,18.51,1.85,1.49%,383.67億,00179.HK,1.95,1.47,5.43%,8.98%,22.30%,6.01%,31.40%,24.87%,2024/03,00179.HK,298.46億,4.000%,22.33億,7.480%,17.94億,6.010%,1.943,42.047%,2024/03,0179.HK,38367000000.0,L
00220.HK,統一企業中國,020205,8.280,-0.040,-0.481%,4.84百萬,4.03千萬,18.19,2.51,5.64%,357.64億,00220.HK,0.95,0.69,7.53%,12.46%,30.47%,5.83%,109.97%,8.07%,2023/12,00220.HK,313.42億,-1.000%,21.89億,6.983%,18.27億,5.831%,0.423,32.539%,2023/12,0220.HK,35764000000.0,L
00241.HK,阿里健康,050202,6.510,-0.170,-2.545%,2.91千萬,1.89億,68.10,5.99,0.00%,"1,049.67億",00241.HK,2.69,2.41,4.48%,6.07%,21.81%,3.27%,N/A,0.56%,2024/03,00241.HK,291.51億,-4.000%,10.21億,3.502%,9.53億,3.269%,0.068,49.511%,2024/03,0241.HK,104967000000.0,L
00247.HK,尖沙咀置業,090204,20.500,0.000,0.000%,0.00,0.00,18.93,0.46,2.83%,448.22億,00247.HK,9.06,7.04,1.38%,2.64%,38.97%,28.45%,48.33%,0.96%,2024/06,00247.HK,88.16億,-26.000%,43.41億,49.240%,25.08億,28.448%,1.200,-25.466%,2024/06,0247.HK,44822000000.0,L
00267.HK,中信股份,010101,10.970,-0.080,-0.724%,9.62百萬,1.06億,5.16,0.40,5.49%,"3,191.20億",00267.HK,0.86,0.84,0.51%,8.19%,45.24%,8.46%,26.01%,248.93%,2023/12,00267.HK,"7,463.28億",-3.000%,"1,289.04億",17.272%,631.35億,8.459%,2.170,-16.198%,2023/12,0267.HK,319120000000.0,L
00268.HK,金蝶國際,070203,17.490,+0.090,+0.517%,1.17千萬,2.02億,無盈利,7.33,0.00%,620.80億,00268.HK,1.26,1.25,-1.48%,-2.44%,64.17%,-3.70%,N/A,9.79%,2023/12,00268.HK,62.25億,13.000%,-4.60億,-7.395%,-2.30億,-3.696%,-0.067,47.848%,2023/12,0268.HK,62079999999.99999,L
00270.HK,粵海投資,120103,7.140,-0.030,-0.418%,4.83百萬,3.45千萬,14.86,1.12,4.38%,466.80億,00270.HK,1.21,0.48,2.23%,7.47%,41.63%,12.90%,65.01%,102.95%,2023/12,00270.HK,242.00億,4.000%,44.11億,18.226%,31.22億,12.901%,0.478,-34.463%,2023/12,0270.HK,46680000000.0,L
00285.HK,比亞迪電子,070306,42.500,-0.880,-2.029%,5.84百萬,2.48億,21.11,2.78,1.46%,957.61億,00285.HK,1.00,0.66,4.63%,13.78%,8.03%,3.11%,30.06%,56.22%,2023/12,00285.HK,"1,424.59億",17.000%,51.31億,3.602%,44.30億,3.110%,1.962,112.120%,2023/12,0285.HK,95761000000.0,L
00288.HK,萬洲國際,020701,7.860,-0.170,-2.117%,9.99百萬,7.89千萬,8.06,1.22,8.65%,"1,008.46億",00288.HK,1.57,0.93,3.28%,6.40%,19.53%,2.40%,78.38%,37.82%,2023/12,00288.HK,"2,049.29億",-6.000%,82.87億,4.044%,49.13億,2.397%,0.383,-54.102%,2023/12,0288.HK,100846000000.0,L
00291.HK,華潤啤酒,020204,26.840,-0.360,-1.324%,4.12百萬,1.11億,17.28,2.58,3.08%,870.74億,00291.HK,0.70,0.31,7.20%,17.01%,41.36%,13.24%,58.87%,17.45%,2023/12,00291.HK,426.77億,7.000%,77.59億,18.180%,56.49億,13.236%,1.743,15.301%,2023/12,0291.HK,87074000000.0,L
00293.HK,國泰航空,100501,10.540,-0.050,-0.472%,3.68百萬,3.86千萬,7.06,1.29,6.55%,707.65億,00293.HK,0.50,0.48,5.21%,15.11%,100.00%,9.60%,30.54%,113.77%,2023/12,00293.HK,944.85億,85.000%,151.25億,16.008%,90.67億,9.596%,1.408,N/A,2023/12,0293.HK,70765000000.0,L
00300.HK,美的集團,020402,81.250,-1.950,-2.344%,1.90百萬,1.56億,14.05,2.69,4.70%,527.80億,00300.HK,N/A,N/A,N/A,N/A,N/A,N/A,N/A,N/A,,00300.HK,N/A,N/A,N/A,N/A,N/A,N/A,N/A,N/A,,0300.HK,52779999999.99999,L
00316.HK,東方海外國際,100506,122.600,-3.300,-2.621%,1.47百萬,1.82億,4.05,0.79,12.41%,809.62億,00316.HK,3.24,3.16,8.76%,12.21%,13.85%,16.39%,50.29%,12.83%,2023/12,00316.HK,651.74億,-57.000%,109.80億,16.847%,106.84億,16.394%,16.169,-86.277%,2023/12,0316.HK,80962000000.0,L
00322.HK,康師傅控股,020203,10.220,-0.050,-0.487%,4.97百萬,5.08千萬,14.50,3.81,7.09%,576.05億,00322.HK,0.70,0.55,5.87%,22.44%,30.42%,3.88%,99.98%,101.16%,2023/12,00322.HK,881.54億,N/A,51.00億,5.785%,34.17億,3.877%,0.607,15.055%,2023/12,0322.HK,57604999999.99999,L
00358.HK,江西銅業股份,080402,33.200,+0.380,+1.158%,1.64千萬,5.52億,15.63,1.38,2.30%,460.64億,00358.HK,1.45,0.87,4.01%,10.01%,2.31%,1.30%,30.77%,84.07%,2023/12,00358.HK,"5,703.95億",5.000%,93.56億,1.640%,73.95億,1.296%,2.138,9.529%,2023/12,0358.HK,46064000000.0,L
00384.HK,中國燃氣,120102,7.630,-0.010,-0.131%,1.10百萬,8.36百萬,12.64,0.77,6.55%,415.69億,00384.HK,0.90,0.80,2.14%,5.91%,13.89%,3.91%,84.75%,109.85%,2024/03,00384.HK,814.10億,-11.000%,43.15億,5.301%,31.85億,3.912%,0.590,-26.250%,2024/03,0384.HK,41569000000.0,L
00386.HK,中國石油化工股份,030201,4.080,+0.020,+0.493%,5.12千萬,2.08億,9.50,0.57,7.64%,976.97億,00386.HK,0.83,0.44,2.88%,7.26%,100.00%,1.85%,70.84%,54.82%,2023/12,00386.HK,"35,212.30億",-5.000%,951.81億,2.759%,639.19億,1.853%,0.534,-14.580%,2023/12,0386.HK,97697000000.0,L
00388.HK,香港交易所,040205,448.400,-1.800,-0.400%,1.34百萬,6.01億,43.45,10.56,2.07%,"5,684.98億",00388.HK,1.10,1.10,3.48%,23.10%,100.00%,76.80%,89.75%,3.99%,2023/12,00388.HK,205.16億,11.000%,133.85億,86.662%,118.62億,76.802%,9.370,17.714%,2023/12,0388.HK,568498000000.0,L
00392.HK,北京控股,120102,32.360,-0.240,-0.736%,21.21萬,6.87百萬,7.48,0.45,5.01%,407.09億,00392.HK,0.74,0.66,2.69%,6.79%,13.03%,6.68%,33.48%,94.91%,2023/12,00392.HK,902.32億,-2.000%,21.21億,2.351%,60.27億,6.680%,4.779,-20.343%,2023/12,0392.HK,40709000000.0,L
00425.HK,敏實集團,020102,35.720,-0.500,-1.380%,4.55百萬,1.62億,16.63,1.89,1.22%,416.24億,00425.HK,1.24,0.96,5.07%,10.39%,27.39%,9.27%,N/A,58.13%,2023/12,00425.HK,224.98億,15.000%,25.63億,11.391%,20.86億,9.273%,1.813,23.254%,2023/12,0425.HK,41624000000.0,L
00486.HK,俄鋁,080401,4.360,+0.180,+4.306%,2.07百萬,9.03百萬,10.63,0.76,0.00%,662.42億,00486.HK,2.14,1.17,1.31%,2.56%,14.48%,2.31%,N/A,71.41%,2023/12,00486.HK,953.96億,-12.000%,-6.17億,-0.647%,22.03億,2.309%,0.148,-83.892%,2023/12,0486.HK,66241999999.99999,L
00522.HK,ASMPT,070101,89.300,+5.400,+6.436%,3.81百萬,3.36億,107.18,2.45,0.75%,371.90億,00522.HK,2.53,1.48,2.99%,4.56%,39.28%,4.87%,80.35%,25.68%,2023/12,00522.HK,146.97億,-24.000%,10.36億,7.049%,7.15億,4.867%,1.730,-72.799%,2023/12,0522.HK,37190000000.0,L
00656.HK,復星國際,010101,5.520,-0.030,-0.541%,2.52百萬,1.39千萬,無盈利,0.36,0.36%,450.79億,00656.HK,3.18,2.58,0.17%,1.10%,26.94%,0.70%,20.39%,236.31%,2023/12,00656.HK,"2,172.67億",5.000%,12.97億,0.597%,15.11億,0.696%,0.186,N/A,2023/12,0656.HK,45079000000.0,L
00659.HK,周大福創建,010101,8.520,+0.040,+0.472%,1.61百萬,1.38千萬,15.76,0.91,11.15%,343.67億,00659.HK,0.56,0.56,1.41%,5.62%,24.39%,8.28%,435.71%,78.76%,2024/06,00659.HK,264.22億,-2.000%,36.63億,13.862%,21.87億,8.277%,0.560,40.000%,2024/06,0659.HK,34367000000.0,L
00669.HK,創科實業,020402,94.150,-2.800,-2.888%,3.81百萬,3.61億,19.74,3.49,2.40%,"1,723.74億",00669.HK,1.49,0.63,7.87%,16.99%,39.47%,7.11%,46.31%,49.44%,2023/12,00669.HK,"1,072.56億",3.000%,82.45億,7.687%,76.26億,7.110%,4.168,-9.309%,2023/12,0669.HK,172374000000.0,L
00700.HK,騰訊控股,070201,677.500,+4.000,+0.594%,7.83百萬,52.90億,30.43,6.04,0.66%,"62,011.60億",00700.HK,1.47,1.47,7.30%,14.25%,48.13%,18.92%,25.45%,45.91%,2023/12,00700.HK,"6,676.02億",6.000%,"1,754.73億",26.284%,"1,263.00億",18.918%,13.358,-40.065%,2023/12,0700.HK,6201160000000.0,L
00728.HK,中國電信,110101,5.310,-0.020,-0.375%,1.99千萬,1.06億,13.84,1.01,5.33%,736.89億,00728.HK,0.55,0.54,3.64%,6.87%,100.00%,5.93%,70.67%,14.72%,2023/12,00728.HK,"5,629.55億",3.000%,407.00億,7.230%,333.75億,5.929%,0.362,6.889%,2023/12,0728.HK,73689000000.0,L
00762.HK,中國聯通,110101,8.830,-0.060,-0.675%,4.88百萬,4.30千萬,12.33,0.70,4.99%,"2,701.81億",00762.HK,0.60,0.59,2.83%,5.33%,100.00%,5.03%,55.18%,13.21%,2023/12,00762.HK,"4,084.41億",2.000%,223.91億,5.482%,205.27億,5.026%,0.669,7.773%,2023/12,0762.HK,270181000000.0,L
00772.HK,閱文集團,100203,39.220,-0.240,-0.608%,89.22萬,3.48千萬,無盈利,2.04,0.00%,400.62億,00772.HK,3.11,2.91,3.47%,4.23%,48.08%,11.48%,N/A,1.25%,2023/12,00772.HK,76.86億,-10.000%,7.78億,10.116%,8.82億,11.479%,0.877,29.563%,2023/12,0772.HK,40062000000.0,L
00780.HK,同程旅行,100403,22.620,+0.060,+0.266%,3.14百萬,7.07千萬,24.45,2.48,0.80%,529.80億,00780.HK,1.25,1.25,4.90%,8.78%,73.45%,13.06%,19.83%,17.02%,2023/12,00780.HK,130.41億,75.000%,20.49億,15.714%,17.04億,13.064%,0.756,N/A,2023/12,0780.HK,52979999999.99999,L
00788.HK,中國鐵塔,110101,11.580,-0.010,-0.086%,7.48百萬,8.67千萬,17.74,0.96,3.92%,540.37億,00788.HK,1.22,1.22,2.99%,4.93%,100.00%,10.37%,67.01%,47.86%,2023/12,00788.HK,"1,030.53億",N/A,158.97億,15.426%,106.88億,10.371%,0.612,7.797%,2023/12,0788.HK,54037000000.0,L
00836.HK,華潤電力,120101,17.910,-0.110,-0.610%,4.41百萬,7.89千萬,6.04,0.94,6.40%,927.21億,00836.HK,0.59,0.54,3.41%,12.95%,100.00%,10.65%,61.79%,196.64%,2023/12,00836.HK,"1,033.34億",N/A,181.98億,17.611%,110.03億,10.648%,2.290,56.849%,2023/12,0836.HK,92721000000.0,L
00857.HK,中國石油股份,030201,7.120,-0.020,-0.280%,2.92千萬,2.08億,7.44,0.81,7.21%,"1,502.24億",00857.HK,0.96,0.69,5.85%,11.14%,100.00%,5.35%,50.00%,28.57%,2023/12,00857.HK,"33,006.71億",-9.000%,"2,581.18億",7.820%,"1,766.48億",5.352%,0.965,5.570%,2023/12,0857.HK,150224000000.0,L
00867.HK,康哲藥業,050202,14.100,-0.010,-0.071%,1.31百萬,1.84千萬,19.87,1.98,2.06%,343.97億,00867.HK,4.29,3.98,13.54%,15.47%,76.24%,29.96%,40.00%,8.39%,2023/12,00867.HK,87.84億,-14.000%,28.49億,32.431%,26.32億,29.962%,1.073,-28.356%,2023/12,0867.HK,34397000000.0,L
00868.HK,信義玻璃,060104,9.180,-0.050,-0.542%,2.84百萬,2.61千萬,10.89,1.10,4.47%,403.11億,00868.HK,1.20,0.86,10.56%,15.01%,32.14%,20.02%,48.76%,22.91%,2023/12,00868.HK,267.99億,4.000%,56.43億,21.058%,53.65億,20.020%,1.292,2.045%,2023/12,0868.HK,40311000000.0,L
00881.HK,中升控股,100302,15.010,-0.190,-1.250%,3.73百萬,5.62千萬,10.45,0.71,4.52%,355.29億,00881.HK,1.72,1.23,4.86%,10.96%,7.68%,2.80%,34.79%,80.26%,2023/12,00881.HK,"1,965.38億",-3.000%,91.42億,4.651%,55.01億,2.799%,2.291,-26.417%,2023/12,0881.HK,35529000000.0,L
00883.HK,中國海洋石油,030201,18.760,-0.090,-0.477%,1.65千萬,3.09億,6.08,1.12,7.46%,"8,355.70億",00883.HK,2.02,1.97,12.32%,18.58%,100.00%,29.73%,43.86%,18.03%,2023/12,00883.HK,"4,566.87億",-4.000%,"1,839.08億",40.270%,"1,357.57億",29.726%,2.850,-16.618%,2023/12,0883.HK,835570000000.0001,L
00914.HK,海螺水泥,080201,23.720,-0.180,-0.753%,2.62百萬,6.19千萬,14.62,0.63,3.26%,308.27億,00914.HK,3.42,3.08,4.34%,5.77%,15.86%,7.58%,47.52%,12.47%,2023/12,00914.HK,"1,545.64億",3.000%,158.94億,10.283%,117.17億,7.581%,2.214,-34.352%,2023/12,0914.HK,30827000000.0,L
00939.HK,建設銀行,040101,7.290,-0.080,-1.085%,1.33億,9.68億,5.22,0.54,5.97%,"17,526.42億",00939.HK,0.80,N/A,0.85%,10.88%,N/A,43.93%,30.53%,N/A,2023/12,00939.HK,"8,173.43億",-4.000%,"4,255.73億",52.068%,"3,590.53億",43.929%,1.436,-0.550%,2023/12,0939.HK,1752641999999.9998,L
00941.HK,中國移動,110101,83.850,-0.700,-0.828%,1.08千萬,9.08億,12.22,1.22,6.07%,"17,372.27億",00941.HK,0.89,0.87,6.61%,9.82%,100.00%,13.06%,71.53%,7.67%,2023/12,00941.HK,"11,064.05億",4.000%,"1,472.70億",13.311%,"1,444.42億",13.055%,6.753,1.799%,2023/12,0941.HK,1737227000000.0,L
00945.HK,宏利金融－Ｓ,040301,247.000,+3.400,+1.396%,1.89萬,4.67百萬,16.03,1.78,3.74%,"4,185.41億",00945.HK,N/A,N/A,0.55%,10.20%,100.00%,10.23%,57.06%,12.91%,2023/12,00945.HK,"2,763.93億",7.000%,380.25億,13.758%,282.89億,10.235%,15.441,N/A,2023/12,0945.HK,418541000000.0,L
00966.HK,中國太平,040301,14.880,-0.090,-0.601%,89.54萬,1.34千萬,7.20,0.75,2.35%,534.79億,00966.HK,4.27,4.27,0.36%,6.80%,100.00%,3.74%,20.07%,128.41%,2023/12,00966.HK,"1,495.54億",N/A,118.21億,8.219%,53.74億,3.737%,1.495,25.000%,2023/12,0966.HK,53479000000.0,L
00968.HK,信義光能,060107,3.770,-0.050,-1.309%,2.44千萬,9.20千萬,31.44,1.11,2.65%,342.26億,00968.HK,1.15,1.03,6.93%,13.10%,26.62%,15.72%,47.83%,36.01%,2023/12,00968.HK,266.29億,29.000%,58.93億,22.129%,41.87億,15.724%,0.470,9.523%,2023/12,0968.HK,34226000000.0,L
00981.HK,中芯國際,070101,91.050,+0.150,+0.165%,4.30千萬,38.70億,189.45,4.54,0.00%,"7,283.96億",00981.HK,1.79,1.43,1.89%,4.49%,19.26%,14.28%,N/A,50.75%,2023/12,00981.HK,493.78億,-13.000%,27.94億,5.659%,70.50億,14.277%,0.859,-52.156%,2023/12,0981.HK,728396000000.0,L
00992.HK,聯想集團,070302,11.510,-0.260,-2.209%,2.77千萬,3.19億,13.09,3.32,3.39%,"1,427.78億",00992.HK,0.87,0.61,2.61%,18.10%,17.24%,1.78%,57.74%,64.84%,2024/03,00992.HK,"4,449.59億",-8.000%,156.95億,3.527%,79.07億,1.777%,0.658,-37.918%,2024/03,0992.HK,142778000000.0,L
00998.HK,中信銀行,040101,6.640,-0.010,-0.150%,4.08百萬,2.71千萬,5.13,0.50,5.81%,988.18億,00998.HK,0.79,N/A,0.69%,9.77%,N/A,30.27%,28.03%,N/A,2023/12,00998.HK,"2,253.46億",-5.000%,812.85億,36.071%,682.14億,30.271%,1.392,5.478%,2023/12,0998.HK,98818000000.0,L
01024.HK,快手－Ｗ,070201,87.700,-1.000,-1.127%,1.53千萬,13.43億,23.15,5.71,0.00%,"3,790.40億",01024.HK,N/A,N/A,N/A,N/A,N/A,N/A,N/A,N/A,,01024.HK,"1,243.86億",17.000%,70.50億,5.668%,70.11億,5.637%,1.622,N/A,2023/12,1024.HK,379040000000.0,L
01038.HK,長江基建集團,100505,51.450,-0.700,-1.342%,63.32萬,3.26千萬,15.98,1.07,5.02%,"1,296.34億",01038.HK,0.91,0.90,4.84%,6.51%,100.00%,134.01%,80.25%,19.93%,2023/12,01038.HK,67.74億,-10.000%,60.07億,100.284%,80.27億,134.007%,3.190,3.571%,2023/12,1038.HK,129633999999.99998,L
01060.HK,大麥娛樂,100202,1.050,+0.020,+1.942%,4.27千萬,4.46千萬,79.55,1.79,0.00%,313.70億,01060.HK,2.37,1.96,1.33%,1.81%,40.05%,5.66%,N/A,0.41%,2024/03,01060.HK,54.32億,35.000%,3.34億,6.150%,3.07億,5.655%,0.011,N/A,2024/03,1060.HK,31370000000.0,L
01088.HK,中國神華,030101,37.880,-0.140,-0.368%,4.28百萬,1.63億,11.34,1.68,6.46%,"1,279.39億",01088.HK,2.17,2.03,10.20%,15.71%,32.22%,18.84%,69.47%,9.44%,2023/12,01088.HK,"3,760.78億",-3.000%,977.93億,26.003%,708.42億,18.837%,3.566,-13.869%,2023/12,1088.HK,127939000000.00002,L
01093.HK,石藥集團,050202,9.700,0.000,0.000%,2.34千萬,2.26億,24.74,3.29,2.68%,"1,117.68億",01093.HK,2.63,2.32,12.69%,17.69%,70.51%,18.68%,51.63%,2.13%,2023/12,01093.HK,344.76億,-1.000%,81.09億,23.522%,64.38億,18.675%,0.542,-5.946%,2023/12,1093.HK,111768000000.0,L
01128.HK,永利澳門,100405,6.840,-0.100,-1.441%,8.59百萬,5.81千萬,11.17,N/A,3.80%,359.56億,01128.HK,1.59,1.56,2.61%,-7.41%,100.00%,4.83%,34.09%,-334.14%,2023/12,01128.HK,242.68億,329.000%,37.02億,15.256%,11.72億,4.828%,0.220,N/A,2023/12,1128.HK,35956000000.0,L
01142.HK,能源及能量環球,030204,3.070,-0.150,-4.658%,1.50千萬,4.76千萬,無盈利,N/A,0.00%,387.96億,01142.HK,0.00,0.00,4.94%,-6.23%,1.15%,16.08%,N/A,-225.18%,2024/03,01142.HK,6.65億,-42.000%,1.09億,16.347%,1.07億,16.082%,0.740,-80.475%,2024/03,1142.HK,38796000000.0,L
01171.HK,兗礦能源,030101,10.360,+0.010,+0.097%,1.01千萬,1.05億,6.87,1.67,8.10%,422.22億,01171.HK,0.81,0.74,4.29%,20.46%,37.08%,15.01%,62.34%,115.84%,2023/12,01171.HK,"1,298.28億",-25.000%,315.57億,24.307%,194.89億,15.012%,2.015,-43.356%,2023/12,1171.HK,42222000000.0,L
01177.HK,中國生物製藥,050201,8.300,-0.090,-1.073%,1.59千萬,1.32億,40.79,4.59,0.84%,"1,557.14億",01177.HK,1.05,0.96,3.67%,7.65%,80.95%,8.90%,36.23%,41.73%,2023/12,01177.HK,287.20億,-2.000%,65.07億,22.656%,25.56億,8.901%,0.138,-10.439%,2023/12,1177.HK,155714000000.0,L
01179.HK,華住集團－Ｓ,100401,29.540,-0.660,-2.185%,1.10百萬,3.24千萬,28.39,7.08,4.21%,906.70億,01179.HK,N/A,N/A,N/A,N/A,N/A,N/A,N/A,N/A,,01179.HK,239.87億,53.000%,51.67億,21.936%,44.78億,19.009%,1.403,N/A,2023/12,1179.HK,90670000000.0,L
01193.HK,華潤燃氣,120102,19.530,-0.160,-0.813%,88.87萬,1.73千萬,10.84,1.10,4.86%,451.93億,01193.HK,0.69,0.66,3.79%,12.81%,18.22%,5.16%,50.30%,56.89%,2023/12,01193.HK,"1,012.72億",7.000%,85.42億,8.435%,52.24億,5.158%,2.300,10.048%,2023/12,1193.HK,45193000000.0,L
01208.HK,五礦資源,080402,7.030,+0.020,+0.285%,5.55千萬,3.93億,59.08,3.21,0.00%,853.48億,01208.HK,0.63,0.46,0.08%,0.42%,100.00%,0.21%,N/A,228.63%,2023/12,01208.HK,339.51億,33.000%,14.81億,4.362%,7.03千萬,0.207%,0.007,-94.998%,2023/12,1208.HK,85348000000.0,L
01209.HK,華潤萬象生活,090203,39.100,-0.020,-0.051%,1.56百萬,6.11千萬,23.12,5.09,5.90%,892.46億,01209.HK,N/A,N/A,N/A,N/A,N/A,N/A,N/A,N/A,,01209.HK,161.88億,19.000%,42.88億,26.492%,32.10億,19.833%,1.406,28.927%,2023/12,1209.HK,89246000000.0,L
01211.HK,比亞迪股份－一百,020101,108.100,-1.300,-1.188%,1.10千萬,11.91億,22.04,5.20,1.34%,"3,981.76億",01211.HK,0.67,0.47,4.41%,21.61%,20.21%,4.98%,30.00%,33.78%,2023/12,01211.HK,"6,602.58億",38.000%,417.69億,6.326%,328.87億,4.981%,11.313,75.625%,2023/12,1211.HK,398176000000.0,L
01258.HK,中國有色礦業,080402,15.500,-0.080,-0.513%,6.82百萬,1.07億,19.32,3.46,2.17%,604.82億,01258.HK,1.87,1.11,7.27%,15.07%,24.33%,7.70%,39.98%,9.64%,2023/12,01258.HK,281.70億,-11.000%,46.20億,16.399%,21.69億,7.699%,0.580,4.394%,2023/12,1258.HK,60482000000.00001,L
01276.HK,恒瑞醫藥,050202,92.200,-1.700,-1.810%,89.38萬,8.23千萬,N/A,N/A,0.00%,"6,107.58億",01276.HK,N/A,N/A,N/A,N/A,N/A,N/A,N/A,N/A,,01276.HK,N/A,N/A,N/A,N/A,N/A,N/A,N/A,N/A,,1276.HK,610758000000.0,L
01288.HK,農業銀行,040101,5.130,-0.040,-0.774%,2.13千萬,1.10億,6.42,0.65,5.14%,"1,576.90億",01288.HK,0.72,N/A,0.64%,10.18%,N/A,36.42%,32.07%,N/A,2023/12,01288.HK,"7,623.72億",-2.000%,"3,367.86億",44.176%,"2,776.60億",36.421%,0.789,1.397%,2023/12,1288.HK,157690000000.0,L
01299.HK,友邦保險,040302,75.200,+0.950,+1.279%,1.58千萬,11.85億,15.68,2.59,2.33%,"7,899.33億",01299.HK,10.24,10.24,1.31%,9.16%,100.00%,12.36%,62.60%,29.59%,2023/12,01299.HK,"2,401.73億",-45.000%,377.35億,15.863%,294.01億,12.360%,2.578,17.902%,2023/12,1299.HK,789933000000.0,L
01308.HK,海豐國際,100507,28.540,-0.320,-1.109%,4.53百萬,1.30億,9.46,4.11,8.83%,770.58億,01308.HK,1.25,1.25,20.03%,27.76%,25.65%,21.88%,70.41%,19.36%,2023/12,01308.HK,189.73億,-40.000%,43.24億,22.793%,41.51億,21.877%,1.562,-72.592%,2023/12,1308.HK,77058000000.0,L
01318.HK,毛戈平,020305,101.500,-3.200,-3.056%,44.85萬,4.55千萬,43.86,13.04,0.76%,497.54億,01318.HK,N/A,N/A,N/A,N/A,N/A,N/A,N/A,N/A,,01318.HK,3.14億,-34.000%,-3.52億,-111.948%,-3.45億,-109.724%,-0.275,-34.052%,2014/12,1318.HK,49754000000.0,L
01336.HK,新華保險,040301,46.060,+0.420,+0.920%,3.65百萬,1.68億,5.15,1.40,6.01%,476.31億,01336.HK,3.20,3.20,0.62%,8.29%,100.00%,12.06%,30.47%,121.84%,2023/12,01336.HK,792.05億,-35.000%,67.46億,8.517%,95.50億,12.057%,3.058,-60.652%,2023/12,1336.HK,47631000000.0,L
01339.HK,中國人民保險集團,040303,6.670,+0.060,+0.908%,1.25千萬,8.28千萬,6.58,1.03,2.94%,582.04億,01339.HK,0.08,0.08,1.43%,9.18%,100.00%,4.03%,31.20%,16.80%,2023/12,01339.HK,"6,067.11億",1.000%,367.85億,6.063%,244.69億,4.033%,0.548,-14.761%,2023/12,1339.HK,58204000000.0,L
01347.HK,華虹半導體,070101,91.500,+4.000,+4.571%,2.24千萬,20.40億,348.31,3.24,0.00%,"1,586.26億",01347.HK,6.76,6.11,2.56%,4.44%,21.31%,12.25%,N/A,33.67%,2023/12,01347.HK,178.57億,-7.000%,12.84億,7.189%,21.87億,12.249%,1.476,-45.196%,2023/12,1347.HK,158626000000.0,L
01357.HK,美圖公司,100202,8.930,-0.130,-1.435%,2.57千萬,2.28億,46.93,7.61,1.84%,407.76億,01357.HK,2.19,2.15,6.56%,9.21%,61.43%,14.03%,36.49%,5.47%,2023/12,01357.HK,29.55億,25.000%,3.77億,12.773%,4.15億,14.033%,0.099,337.275%,2023/12,1357.HK,40776000000.0,L
01364.HK,古茗,020205,20.700,-0.280,-1.335%,1.34百萬,2.77千萬,N/A,N/A,0.00%,492.28億,01364.HK,N/A,N/A,N/A,N/A,N/A,N/A,N/A,N/A,,01364.HK,N/A,N/A,N/A,N/A,N/A,N/A,N/A,N/A,,1364.HK,49228000000.0,L
01378.HK,中國宏橋,080401,26.520,-0.320,-1.192%,7.93百萬,2.12億,10.56,2.19,6.07%,"2,526.05億",01378.HK,1.18,0.72,5.72%,12.42%,15.68%,8.58%,47.52%,69.80%,2023/12,01378.HK,"1,464.78億",-1.000%,161.11億,10.999%,125.63億,8.577%,1.326,25.593%,2023/12,1378.HK,252605000000.00003,L
01398.HK,工商銀行,040101,5.660,-0.040,-0.702%,4.82千萬,2.73億,5.41,0.52,5.93%,"4,912.54億",01398.HK,0.79,N/A,0.78%,9.87%,N/A,43.28%,31.27%,N/A,2023/12,01398.HK,"8,840.39億",-6.000%,"4,570.54億",51.701%,"3,826.06億",43.279%,1.074,-1.826%,2023/12,1398.HK,491254000000.0,L
01415.HK,高偉電子,070304,39.420,-0.780,-1.940%,1.15百萬,4.51千萬,36.61,8.48,0.00%,342.15億,01415.HK,1.45,1.19,4.94%,11.37%,13.83%,5.04%,N/A,70.60%,2023/12,01415.HK,72.16億,-17.000%,4.66億,6.460%,3.64億,5.043%,0.430,-45.524%,2023/12,1415.HK,34214999999.999996,L
01519.HK,極兔速遞－Ｗ,100508,9.600,-0.050,-0.518%,3.71百萬,3.55千萬,107.14,3.88,0.00%,854.81億,01519.HK,N/A,N/A,N/A,N/A,N/A,N/A,N/A,N/A,,01519.HK,691.21億,N/A,-137.99億,-19.963%,-86.00億,-12.442%,-2.054,N/A,2023/12,1519.HK,85481000000.0,L
01530.HK,三生製藥,050201,29.900,-0.500,-1.645%,4.75百萬,1.42億,32.60,4.36,0.84%,727.34億,01530.HK,2.47,2.26,6.56%,11.04%,84.98%,19.82%,35.63%,34.47%,2023/12,01530.HK,85.68億,10.000%,22.03億,25.708%,16.98億,19.822%,0.702,-20.269%,2023/12,1530.HK,72734000000.0,L
01548.HK,金斯瑞生物科技,050204,17.330,+0.150,+0.873%,2.16百萬,3.72千萬,1.60,1.11,0.00%,378.68億,01548.HK,4.76,4.65,-2.82%,-6.86%,48.78%,-11.37%,N/A,35.39%,2023/12,01548.HK,65.58億,34.000%,-27.41億,-41.807%,-7.46億,-11.373%,-0.354,58.117%,2023/12,1548.HK,37868000000.0,L
01585.HK,雅迪控股,020101,14.400,-0.090,-0.621%,3.99百萬,5.74千萬,32.11,4.81,3.13%,448.22億,01585.HK,1.03,0.97,10.29%,31.43%,16.93%,7.59%,49.48%,5.01%,2023/12,01585.HK,381.07億,8.000%,34.33億,9.010%,28.94億,7.595%,0.970,16.213%,2023/12,1585.HK,44822000000.0,L
01658.HK,郵儲銀行,040101,5.380,-0.030,-0.555%,6.04百萬,3.25千萬,6.26,0.61,5.25%,"1,068.26億",01658.HK,0.68,N/A,0.51%,10.31%,N/A,23.61%,31.45%,N/A,2023/12,01658.HK,"3,759.00億",N/A,"1,577.88億",41.976%,887.42億,23.608%,0.910,-5.114%,2023/12,1658.HK,106826000000.0,L
01698.HK,騰訊音樂－ＳＷ,100202,88.900,-0.100,-0.112%,53.90萬,4.81千萬,38.80,3.82,0.79%,"2,753.95億",01698.HK,N/A,N/A,N/A,N/A,N/A,N/A,N/A,N/A,,01698.HK,304.22億,-4.000%,66.42億,21.833%,53.93億,17.728%,1.732,33.506%,2023/12,1698.HK,275395000000.0,L
01735.HK,中環新能源,060106,8.920,+0.250,+2.884%,3.24百萬,2.86千萬,353.97,33.74,0.00%,376.78億,01735.HK,1.12,0.99,1.90%,7.80%,4.29%,1.65%,N/A,132.06%,2023/12,01735.HK,40.28億,149.000%,8.29千萬,2.057%,6.63千萬,1.646%,0.016,N/A,2023/12,1735.HK,37678000000.0,L
01776.HK,廣發証券,040202,20.320,+0.040,+0.197%,2.47百萬,5.02千萬,16.65,1.20,2.67%,345.80億,01776.HK,1.38,1.38,0.92%,5.56%,100.00%,19.61%,36.14%,294.20%,2023/12,01776.HK,365.02億,-2.000%,88.02億,25.019%,68.97億,19.605%,0.910,-20.928%,2023/12,1776.HK,34580000000.0,L
01787.HK,山東黃金,080601,39.680,+1.980,+5.252%,9.14百萬,3.63億,66.93,6.74,0.63%,395.01億,01787.HK,0.58,0.40,1.34%,7.80%,14.56%,3.04%,35.00%,221.69%,2023/12,01787.HK,649.78億,14.000%,38.07億,5.859%,19.77億,3.043%,0.438,104.573%,2023/12,1787.HK,39501000000.0,L
01788.HK,國泰君安國際,040202,4.520,-0.060,-1.310%,1.14千萬,5.13千萬,124.18,2.89,0.71%,430.69億,01788.HK,1.15,1.15,0.19%,1.36%,100.00%,6.26%,95.24%,375.37%,2023/12,01788.HK,32.30億,39.000%,16.86億,52.416%,2.01億,6.255%,0.021,162.500%,2023/12,1788.HK,43069000000.0,L
01801.HK,信達生物,050201,100.500,+2.550,+2.603%,3.03百萬,3.01億,無盈利,11.80,0.00%,"1,721.31億",01801.HK,3.00,2.78,-4.98%,-8.21%,81.69%,-16.56%,N/A,28.90%,2023/12,01801.HK,68.03億,32.000%,-12.55億,-18.440%,-11.27億,-16.563%,-0.723,56.073%,2023/12,1801.HK,172131000000.0,L
01810.HK,小米集團－Ｗ,070306,53.850,-1.150,-2.091%,5.26千萬,28.44億,53.13,6.73,0.00%,"14,016.03億",01810.HK,1.72,1.34,5.39%,10.66%,21.21%,6.45%,N/A,16.99%,2023/12,01810.HK,"2,970.37億",-5.000%,219.34億,7.384%,191.56億,6.449%,0.767,580.206%,2023/12,1810.HK,1401603000000.0,L
01816.HK,中廣核電力,120101,2.920,-0.040,-1.351%,1.88千萬,5.48千萬,12.82,1.16,3.53%,325.98億,01816.HK,0.94,0.67,2.58%,9.47%,35.97%,12.99%,44.34%,177.03%,2023/12,01816.HK,904.90億,-3.000%,225.76億,24.948%,117.56億,12.992%,0.232,4.571%,2023/12,1816.HK,32598000000.0,L
01818.HK,招金礦業,080601,33.000,+1.220,+3.839%,6.78百萬,2.23億,88.31,7.46,0.17%,950.91億,01818.HK,1.06,0.64,1.46%,5.82%,40.01%,8.15%,28.57%,150.87%,2023/12,01818.HK,92.34億,3.000%,12.34億,13.362%,7.52億,8.149%,0.153,94.344%,2023/12,1818.HK,95091000000.0,L
01828.HK,富衛集團,040301,45.660,-0.340,-0.739%,16.77萬,7.68百萬,N/A,N/A,0.00%,582.62億,01828.HK,1.34,0.80,3.01%,7.98%,13.61%,1.61%,39.52%,67.80%,2018/12,01828.HK,508.78億,N/A,15.42億,3.031%,8.20億,1.612%,0.441,0.892%,2018/12,1828.HK,58262000000.0,L
01833.HK,平安好醫生,050102,17.860,-0.440,-2.404%,6.81百萬,1.21億,222.97,5.24,54.31%,386.03億,01833.HK,4.30,4.24,-1.95%,-2.43%,32.28%,-6.90%,N/A,0.70%,2023/12,01833.HK,51.23億,-26.000%,-6.31億,-12.309%,-3.54億,-6.903%,-0.329,50.590%,2023/12,1833.HK,38603000000.0,L
01860.HK,匯量科技,100201,20.200,+0.310,+1.559%,4.76百萬,9.35千萬,249.69,19.03,0.00%,317.98億,01860.HK,1.12,1.12,3.15%,8.72%,20.61%,2.07%,N/A,51.05%,2023/12,01860.HK,82.34億,17.000%,2.31億,2.806%,1.70億,2.069%,0.111,46.448%,2023/12,1860.HK,31798000000.0,L
01876.HK,百威亞太,020204,8.060,-0.150,-1.827%,5.16百萬,4.16千萬,18.86,1.35,5.45%,"1,067.42億",01876.HK,0.92,0.82,5.25%,7.90%,50.36%,12.43%,82.02%,3.07%,2023/12,01876.HK,535.52億,5.000%,100.68億,18.801%,66.55億,12.427%,0.504,-6.621%,2023/12,1876.HK,106742000000.0,L
01882.HK,海天國際,060203,21.640,-0.300,-1.367%,1.34百萬,2.90千萬,10.54,1.56,3.37%,345.37億,01882.HK,2.46,1.99,8.56%,13.24%,32.14%,19.06%,38.59%,14.61%,2023/12,01882.HK,143.27億,3.000%,30.56億,21.333%,27.31億,19.064%,1.710,6.753%,2023/12,1882.HK,34537000000.0,L
01888.HK,建滔積層板,060101,11.990,-0.440,-3.540%,1.07千萬,1.30億,28.21,2.44,5.17%,374.09億,01888.HK,2.47,1.96,3.85%,6.07%,15.98%,5.42%,54.98%,29.78%,2023/12,01888.HK,167.50億,-25.000%,11.93億,7.122%,9.07億,5.417%,0.291,-52.451%,2023/12,1888.HK,37409000000.0,L
01898.HK,中煤能源,030101,9.420,+0.020,+0.213%,2.62百萬,2.49千萬,6.47,0.77,6.88%,386.85億,01898.HK,1.22,1.13,5.78%,14.03%,21.55%,10.46%,29.08%,51.10%,2023/12,01898.HK,"2,115.32億",-14.000%,367.38億,17.368%,221.25億,10.460%,1.666,-0.871%,2023/12,1898.HK,38685000000.0,L
01913.HK,普拉達,020606,46.720,-0.180,-0.384%,64.34萬,3.03千萬,17.63,3.36,3.07%,"1,195.48億",01913.HK,1.49,0.95,8.81%,17.41%,80.44%,14.20%,52.29%,67.40%,2023/12,01913.HK,407.49億,16.000%,91.53億,22.463%,57.85億,14.197%,2.259,48.459%,2023/12,1913.HK,119548000000.0,L
01919.HK,中遠海控,100506,11.760,-0.300,-2.488%,2.26千萬,2.67億,3.59,0.75,14.38%,338.67億,01919.HK,1.59,1.54,5.16%,12.17%,15.72%,13.60%,50.00%,43.03%,2023/12,01919.HK,"1,923.26億",-56.000%,270.11億,14.044%,261.56億,13.600%,1.622,-78.974%,2023/12,1919.HK,33867000000.0,L
01928.HK,金沙中國有限公司,100405,20.760,-0.520,-2.444%,2.71千萬,5.57億,20.71,20.99,1.20%,"1,680.19億",01928.HK,1.23,1.21,6.75%,"-17,300.00%",100.00%,10.59%,N/A,"-208,200.00%",2023/12,01928.HK,510.37億,307.000%,95.68億,18.748%,54.05億,10.591%,0.669,N/A,2023/12,1928.HK,168019000000.0,L
01929.HK,周大福,100307,15.070,-0.070,-0.462%,7.91百萬,1.19億,25.44,5.70,3.45%,"1,486.65億",01929.HK,1.38,0.25,7.32%,25.27%,20.50%,5.98%,84.62%,116.24%,2024/03,01929.HK,"1,087.13億",14.000%,87.48億,8.047%,64.99億,5.978%,0.650,20.818%,2024/03,1929.HK,148665000000.0,L
01988.HK,民生銀行,040101,4.190,+0.080,+1.946%,9.38百萬,3.91千萬,6.16,0.32,5.01%,348.62億,01988.HK,0.75,N/A,0.41%,5.73%,N/A,22.93%,30.00%,N/A,2023/12,01988.HK,"1,506.08億",-4.000%,409.52億,27.191%,345.38億,22.932%,0.789,-1.459%,2023/12,1988.HK,34862000000.0,L
02015.HK,理想汽車－Ｗ,020101,96.300,-3.300,-3.313%,6.35百萬,6.13億,22.47,2.71,0.00%,"2,061.67億",02015.HK,N/A,N/A,N/A,N/A,N/A,N/A,N/A,N/A,,02015.HK,"1,357.66億",165.000%,81.19億,5.980%,128.30億,9.450%,6.522,N/A,2023/12,2015.HK,206167000000.0,L
02018.HK,瑞聲科技,070305,45.780,-0.340,-0.737%,1.22百萬,5.54千萬,28.09,2.26,0.52%,537.86億,02018.HK,1.63,1.34,1.90%,3.38%,16.90%,3.63%,14.48%,43.78%,2023/12,02018.HK,223.83億,-3.000%,9.02億,4.031%,8.12億,3.626%,0.691,-11.278%,2023/12,2018.HK,53786000000.0,L
02020.HK,安踏體育,020605,91.450,-1.200,-1.295%,2.80百萬,2.56億,15.48,3.93,2.58%,"2,567.20億",02020.HK,2.53,2.18,11.10%,19.89%,62.59%,16.42%,48.70%,41.72%,2023/12,02020.HK,683.55億,12.000%,168.45億,24.644%,112.21億,16.415%,4.045,27.151%,2023/12,2020.HK,256719999999.99997,L
02050.HK,三花智控,060101,44.700,-0.160,-0.357%,2.83百萬,1.27億,N/A,N/A,0.00%,"1,880.18億",02050.HK,N/A,N/A,N/A,N/A,N/A,N/A,N/A,N/A,,02050.HK,N/A,N/A,N/A,N/A,N/A,N/A,N/A,N/A,,2050.HK,188018000000.0,L
02057.HK,中通快遞－Ｗ,100508,148.000,+1.400,+0.955%,49.23萬,7.30千萬,12.70,1.82,3.67%,"1,190.61億",02057.HK,N/A,N/A,N/A,N/A,N/A,N/A,N/A,N/A,,02057.HK,421.15億,5.000%,109.71億,26.049%,95.91億,22.773%,11.872,25.134%,2023/12,2057.HK,119060999999.99998,L
02076.HK,ＢＯＳＳ直聘－Ｗ,100105,90.000,+0.204,+0.227%,14.41萬,1.29千萬,47.10,5.09,0.00%,859.15億,02076.HK,N/A,N/A,N/A,N/A,N/A,N/A,N/A,N/A,,02076.HK,65.25億,28.000%,6.37億,9.761%,12.05億,18.468%,1.381,920.308%,2023/12,2076.HK,85915000000.0,L
02096.HK,先聲藥業,050202,13.000,-0.180,-1.366%,1.02百萬,1.32千萬,41.90,4.37,1.35%,337.44億,02096.HK,N/A,N/A,N/A,N/A,N/A,N/A,N/A,N/A,,02096.HK,72.43億,1.000%,7.80億,10.772%,7.84億,10.817%,0.296,-27.121%,2023/12,2096.HK,33744000000.0,L
02097.HK,蜜雪集團,020205,376.000,-5.400,-1.416%,9.61萬,3.60千萬,N/A,N/A,0.00%,"1,427.37億",02097.HK,N/A,N/A,N/A,N/A,N/A,N/A,N/A,N/A,,02097.HK,N/A,N/A,N/A,N/A,N/A,N/A,N/A,N/A,,2097.HK,142737000000.0,L
02099.HK,中國黃金國際,080402,142.000,+1.700,+1.212%,76.93萬,1.09億,115.59,4.11,0.44%,562.91億,02099.HK,1.56,0.60,-0.90%,-1.49%,17.49%,-5.55%,N/A,44.99%,2023/12,02099.HK,35.89億,-58.000%,-1.46億,-4.064%,-1.99億,-5.550%,-0.502,N/A,2023/12,2099.HK,56291000000.0,L
02252.HK,微創機器人－Ｂ,050203,32.420,+1.660,+5.397%,1.80百萬,5.72千萬,無盈利,110.27,0.00%,332.22億,02252.HK,N/A,N/A,N/A,N/A,N/A,N/A,N/A,N/A,,02252.HK,1.15億,370.000%,-10.69億,-932.325%,-11.10億,-967.736%,-1.162,13.443%,2023/12,2252.HK,33222000000.000004,L
02259.HK,紫金黃金國際,080601,147.200,+11.200,+8.235%,1.18千萬,17.03億,N/A,N/A,0.00%,"3,862.51億",02259.HK,N/A,N/A,N/A,N/A,N/A,N/A,N/A,N/A,,02259.HK,N/A,N/A,N/A,N/A,N/A,N/A,N/A,N/A,,2259.HK,386251000000.0,L
02268.HK,藥明合聯,050201,83.950,-1.150,-1.351%,1.60百萬,1.33億,88.44,14.27,0.00%,"1,030.79億",02268.HK,N/A,N/A,N/A,N/A,N/A,N/A,N/A,N/A,,02268.HK,23.28億,N/A,4.53億,19.455%,3.11億,13.350%,0.307,N/A,2023/12,2268.HK,103079000000.0,L
02269.HK,藥明生物,050204,42.000,-0.180,-0.427%,7.35百萬,3.09億,48.03,3.88,0.00%,"1,716.52億",02269.HK,2.78,2.54,6.01%,8.43%,40.08%,19.96%,N/A,11.31%,2023/12,02269.HK,186.73億,8.000%,45.75億,24.502%,37.27億,19.958%,0.899,-24.829%,2023/12,2269.HK,171652000000.0,L
02282.HK,美高梅中國,100405,15.630,-0.770,-4.695%,8.37百萬,1.31億,12.91,112.61,3.86%,596.11億,02282.HK,0.50,0.48,9.04%,-198.78%,100.00%,10.69%,50.00%,"-1,960.90%",2023/12,02282.HK,246.84億,368.000%,45.47億,18.423%,26.38億,10.688%,0.694,N/A,2023/12,2282.HK,59611000000.0,L
02318.HK,中國平安,040301,53.250,+0.300,+0.567%,1.45千萬,7.69億,7.00,0.98,5.23%,"3,965.83億",02318.HK,0.74,0.74,0.74%,9.53%,100.00%,8.30%,50.21%,108.37%,2023/12,02318.HK,"11,311.28億",1.000%,"1,316.72億",11.641%,939.06億,8.302%,5.306,-26.051%,2023/12,2318.HK,396583000000.0,L
02319.HK,蒙牛乳業,020206,14.400,-0.410,-2.768%,2.32千萬,3.36億,508.83,1.28,3.86%,562.14億,02319.HK,1.05,0.86,4.17%,10.85%,37.15%,4.88%,40.08%,84.41%,2023/12,02319.HK,"1,081.12億",3.000%,68.19億,6.307%,52.72億,4.876%,1.337,-11.662%,2023/12,2319.HK,56214000000.0,L
02328.HK,中國財險,040303,17.820,+0.050,+0.281%,8.51百萬,1.52億,11.58,1.45,3.31%,"1,229.45億",02328.HK,0.16,0.16,3.49%,10.62%,100.00%,5.38%,44.25%,4.18%,2023/12,02328.HK,"5,011.86億",4.000%,246.70億,4.922%,269.50億,5.377%,1.211,-18.097%,2023/12,2328.HK,122945000000.0,L
02331.HK,李寧,020605,17.140,-0.160,-0.925%,4.38百萬,7.51千萬,13.78,1.60,3.73%,443.04億,02331.HK,1.88,1.54,9.32%,13.06%,48.38%,11.55%,44.43%,10.42%,2023/12,02331.HK,302.53億,3.000%,39.01億,12.896%,34.93億,11.547%,1.351,-22.946%,2023/12,2331.HK,44304000000.0,L
02333.HK,長城汽車,020101,16.970,-0.030,-0.176%,4.42百萬,7.48千萬,10.71,1.74,2.90%,393.50億,02333.HK,1.07,0.83,3.49%,10.25%,18.73%,4.05%,36.59%,43.80%,2023/12,02333.HK,"1,898.75億",22.000%,78.94億,4.157%,76.97億,4.054%,0.899,-12.438%,2023/12,2333.HK,39350000000.0,L
02359.HK,藥明康德,050204,119.600,-1.300,-1.075%,1.20百萬,1.42億,34.69,5.54,1.20%,588.93億,02359.HK,2.06,1.87,14.51%,19.39%,40.59%,26.50%,27.02%,10.43%,2023/12,02359.HK,442.22億,N/A,144.60億,32.698%,117.18億,26.499%,3.990,17.511%,2023/12,2359.HK,58892999999.99999,L
02367.HK,巨子生物,020305,54.650,-1.300,-2.324%,2.43百萬,1.32億,24.47,7.43,2.39%,585.25億,02367.HK,N/A,N/A,N/A,N/A,N/A,N/A,N/A,N/A,,02367.HK,38.63億,44.000%,19.13億,49.518%,15.91億,41.194%,1.633,46.249%,2023/12,2367.HK,58525000000.0,L
02378.HK,保誠,040302,105.600,-1.100,-1.031%,45.14萬,4.78千萬,16.16,2.07,1.70%,"2,709.00億",02378.HK,2.12,2.12,0.98%,9.54%,100.00%,8.89%,32.96%,27.35%,2023/12,02378.HK,"1,523.38億",-193.000%,184.57億,12.350%,132.87億,8.890%,4.851,N/A,2023/12,2378.HK,270900000000.0,L
02380.HK,中國電力,120105,3.240,-0.030,-0.917%,4.51百萬,1.46千萬,11.20,0.95,7.10%,400.79億,02380.HK,0.61,0.58,0.87%,6.92%,100.00%,6.01%,60.00%,438.89%,2023/12,02380.HK,510.62億,1.000%,95.54億,19.690%,29.16億,6.010%,0.241,-2.828%,2023/12,2380.HK,40079000000.0,L
02382.HK,舜宇光學科技,070306,89.650,-0.850,-0.939%,1.74百萬,1.56億,33.97,3.73,0.59%,981.49億,02382.HK,1.65,1.41,2.19%,4.90%,14.49%,3.47%,19.84%,25.78%,2023/12,02382.HK,347.29億,-7.000%,14.64億,4.216%,12.05億,3.470%,1.104,-55.565%,2023/12,2382.HK,98149000000.0,L
02388.HK,中銀香港,040101,36.540,+0.140,+0.385%,6.28百萬,2.29億,10.11,1.14,5.44%,"3,863.29億",02388.HK,0.75,N/A,0.85%,10.22%,N/A,49.96%,54.02%,N/A,2023/12,02388.HK,654.98億,20.000%,425.58億,64.976%,327.23億,49.960%,3.095,26.146%,2023/12,2388.HK,386329000000.0,L
02400.HK,心動公司,070204,77.400,-1.500,-1.901%,79.88萬,6.15千萬,42.53,14.22,0.52%,383.03億,02400.HK,N/A,N/A,N/A,N/A,N/A,N/A,N/A,N/A,,02400.HK,366.01億,845.000%,-5.72百萬,-0.016%,-9.10千萬,-0.249%,-0.197,85.050%,2023/12,2400.HK,38303000000.0,L
02525.HK,禾賽－Ｗ,070205,222.800,+7.000,+3.244%,76.98萬,1.71億,N/A,N/A,0.00%,347.88億,02525.HK,N/A,N/A,N/A,N/A,N/A,N/A,N/A,N/A,,02525.HK,N/A,N/A,N/A,N/A,N/A,N/A,N/A,N/A,,2525.HK,34788000000.0,L
02577.HK,英諾賽科,070101,87.800,-4.050,-4.409%,1.27百萬,1.10億,無盈利,24.43,0.00%,785.28億,02577.HK,N/A,N/A,N/A,N/A,N/A,N/A,N/A,N/A,,02577.HK,N/A,N/A,N/A,N/A,N/A,N/A,N/A,N/A,,2577.HK,78528000000.0,L
02588.HK,中銀航空租賃,100502,69.750,-0.300,-0.428%,20.19萬,1.41千萬,6.75,0.98,5.22%,484.07億,02588.HK,0.24,0.24,3.16%,13.29%,100.00%,31.04%,35.02%,287.47%,2023/12,02588.HK,192.25億,6.000%,67.22億,34.964%,59.67億,31.037%,8.592,"3,568.075%",2023/12,2588.HK,48407000000.0,L
02600.HK,中國鋁業,080401,8.350,+0.010,+0.120%,2.82千萬,2.37億,10.86,1.98,2.83%,329.32億,02600.HK,1.00,0.61,3.15%,11.40%,12.25%,2.96%,20.46%,132.83%,2023/12,02600.HK,"2,467.23億",-24.000%,193.41億,7.839%,73.02億,2.960%,0.429,58.972%,2023/12,2600.HK,32932000000.0,L
02601.HK,中國太保,040301,30.620,-0.140,-0.455%,3.20百萬,9.79千萬,6.16,0.95,3.85%,849.80億,02601.HK,0.12,0.12,1.16%,10.92%,100.00%,8.41%,36.04%,51.77%,2023/12,02601.HK,"3,551.09億",-5.000%,351.44億,9.897%,298.79億,8.414%,3.102,-29.307%,2023/12,2601.HK,84980000000.0,L
02611.HK,國泰海通,040202,15.990,-0.110,-0.683%,1.28百萬,2.04千萬,10.84,0.86,2.94%,560.57億,02611.HK,1.17,1.17,0.94%,5.89%,100.00%,19.91%,40.82%,390.39%,2023/12,02611.HK,573.35億,3.000%,129.01億,27.051%,94.95億,19.911%,1.074,-23.203%,2023/12,2611.HK,56057000000.00001,L
02618.HK,京東物流,100508,12.670,-0.220,-1.707%,5.15百萬,6.55千萬,11.95,1.43,0.00%,843.19億,02618.HK,N/A,N/A,N/A,N/A,N/A,N/A,N/A,N/A,,02618.HK,"1,826.54億",17.000%,17.57億,0.962%,6.75億,0.370%,0.110,N/A,2023/12,2618.HK,84319000000.0,L
02628.HK,中國人壽,040301,21.860,-0.180,-0.817%,8.28百萬,1.81億,5.43,1.14,3.25%,"1,626.64億",02628.HK,1.38,1.38,0.80%,9.68%,100.00%,13.40%,26.38%,10.28%,2023/12,02628.HK,"3,779.11億",-9.000%,488.64億,12.930%,506.24億,13.396%,1.787,-32.885%,2023/12,2628.HK,162664000000.0,L
02638.HK,港燈－ＳＳ,120101,5.950,-0.010,-0.168%,1.76百萬,1.05千萬,16.90,1.07,5.38%,525.75億,02638.HK,0.49,0.29,2.66%,6.44%,52.80%,27.67%,89.67%,102.51%,2023/12,02638.HK,114.06億,5.000%,49.76億,43.626%,31.56億,27.670%,0.357,6.850%,2023/12,2638.HK,52575000000.0,L
02688.HK,新奧能源,120102,63.800,+0.200,+0.314%,1.23百萬,7.85千萬,11.21,1.51,4.70%,721.74億,02688.HK,0.76,0.71,6.61%,15.98%,12.59%,5.99%,44.48%,53.27%,2023/12,02688.HK,"1,248.11億",N/A,109.52億,8.775%,74.72億,5.986%,6.632,13.056%,2023/12,2688.HK,72174000000.0,L
02799.HK,中信金融資產,040203,1.020,-0.010,-0.971%,4.08千萬,4.13千萬,8.79,2.10,0.00%,360.70億,02799.HK,1.50,1.23,0.18%,6.29%,100.00%,2.33%,N/A,"3,067.90%",2023/12,02799.HK,830.92億,99.000%,5.14億,0.618%,19.36億,2.330%,0.024,N/A,2023/12,2799.HK,36070000000.0,L
02888.HK,渣打集團,040101,152.600,0.000,0.000%,28.22萬,4.33千萬,13.91,1.08,1.88%,"3,502.40億",02888.HK,0.72,N/A,0.37%,6.79%,N/A,16.74%,24.86%,N/A,2023/12,02888.HK,"1,407.46億",10.000%,465.54億,33.076%,235.66億,16.743%,8.483,26.475%,2023/12,2888.HK,350240000000.0,L
02899.HK,紫金礦業,080601,34.180,+0.840,+2.519%,4.98千萬,17.09億,26.47,6.18,1.21%,"2,046.99億",02899.HK,0.92,0.57,6.16%,19.64%,15.81%,7.20%,31.25%,132.01%,2023/12,02899.HK,"3,216.29億",5.000%,350.09億,10.885%,231.51億,7.198%,0.877,2.287%,2023/12,2899.HK,204699000000.0,L
02944.HK,比亞迪股份－五百,020101,110.000,0.000,0.000%,0.00,0.00,N/A,N/A,0.00%,"10,028.92億",02944.HK,N/A,N/A,N/A,N/A,N/A,N/A,N/A,N/A,,02944.HK,N/A,N/A,N/A,N/A,N/A,N/A,N/A,N/A,,2944.HK,1002892000000.0,L
03288.HK,海天味業,020207,32.640,-0.160,-0.488%,45.28萬,1.48千萬,N/A,N/A,0.00%,"1,906.68億",03288.HK,N/A,N/A,N/A,N/A,N/A,N/A,N/A,N/A,,03288.HK,N/A,N/A,N/A,N/A,N/A,N/A,N/A,N/A,,3288.HK,190668000000.0,L
03328.HK,交通銀行,040101,6.460,-0.070,-1.072%,9.91百萬,6.43千萬,5.24,0.47,6.35%,"2,261.77億",03328.HK,0.76,N/A,0.61%,8.90%,N/A,33.04%,32.61%,N/A,2023/12,03328.HK,"2,828.35億",-2.000%,"1,092.89億",38.641%,934.57億,33.043%,1.261,-1.975%,2023/12,3328.HK,226177000000.0,L
03606.HK,福耀玻璃,020102,77.550,+0.200,+0.259%,53.04萬,4.09千萬,25.38,5.33,2.50%,470.54億,03606.HK,2.22,1.88,9.94%,17.91%,34.14%,16.97%,60.19%,46.22%,2023/12,03606.HK,363.51億,14.000%,69.93億,19.236%,61.70億,16.974%,2.368,15.325%,2023/12,3606.HK,47054000000.0,L
03660.HK,奇富科技－Ｓ,040205,116.500,-3.500,-2.917%,2.37萬,2.76百萬,5.21,1.29,4.33%,330.84億,03660.HK,N/A,N/A,N/A,N/A,N/A,N/A,N/A,N/A,,03660.HK,178.57億,-4.000%,53.24億,29.816%,46.98億,26.307%,14.645,0.872%,2023/12,3660.HK,33083999999.999996,L
03668.HK,兗煤澳大利亞,030101,26.900,-0.360,-1.321%,27.91萬,7.53百萬,6.03,0.79,9.57%,355.20億,03668.HK,2.42,2.02,16.16%,21.55%,100.00%,23.39%,50.44%,1.73%,2023/12,03668.HK,415.13億,-27.000%,137.40億,33.209%,96.76億,23.386%,7.330,-49.268%,2023/12,3668.HK,35520000000.0,L
03677.HK,正力新能,060103,12.040,-0.230,-1.874%,1.85百萬,2.25千萬,N/A,N/A,0.00%,302.02億,03677.HK,N/A,N/A,N/A,N/A,N/A,N/A,N/A,N/A,,03677.HK,N/A,N/A,N/A,N/A,N/A,N/A,N/A,N/A,,3677.HK,30202000000.0,L
03690.HK,美團－Ｗ,070201,105.600,-0.500,-0.471%,3.02千萬,32.06億,16.99,3.48,0.00%,"6,453.32億",03690.HK,1.82,1.80,4.73%,9.11%,35.12%,5.01%,N/A,39.88%,2023/12,03690.HK,"3,033.68億",22.000%,147.06億,4.848%,151.89億,5.007%,2.445,N/A,2023/12,3690.HK,645332000000.0,L
03750.HK,寧德時代,060103,596.500,-14.000,-2.293%,1.23百萬,7.31億,N/A,N/A,0.00%,"27,019.48億",03750.HK,N/A,N/A,N/A,N/A,N/A,N/A,N/A,N/A,,03750.HK,N/A,N/A,N/A,N/A,N/A,N/A,N/A,N/A,,3750.HK,2701948000000.0,L
03800.HK,協鑫科技,060107,1.330,-0.020,-1.481%,1.47億,1.97億,無盈利,0.91,0.00%,378.79億,03800.HK,1.57,1.44,3.03%,5.89%,34.69%,7.45%,N/A,37.43%,2023/12,03800.HK,369.42億,-8.000%,44.93億,12.162%,27.52億,7.448%,0.104,-84.658%,2023/12,3800.HK,37879000000.0,L
03808.HK,中國重汽,060202,23.080,-0.360,-1.536%,39.84萬,9.20百萬,10.16,1.46,5.50%,637.24億,03808.HK,1.20,1.02,4.37%,13.21%,16.65%,6.22%,50.24%,12.54%,2023/12,03808.HK,937.23億,39.000%,71.11億,7.587%,58.30億,6.220%,2.116,207.447%,2023/12,3808.HK,63724000000.0,L
03896.HK,金山雲,070205,8.010,-0.120,-1.476%,1.89千萬,1.51億,無盈利,5.55,0.00%,363.00億,03896.HK,N/A,N/A,N/A,N/A,N/A,N/A,N/A,N/A,,03896.HK,77.25億,-16.000%,-23.11億,-29.919%,-23.86億,-30.881%,-0.669,18.801%,2023/12,3896.HK,36300000000.0,L
03939.HK,萬國黃金集團,080601,40.580,+0.700,+1.755%,1.81百萬,7.28千萬,58.11,13.19,0.88%,448.95億,03939.HK,1.38,0.98,14.20%,23.86%,47.08%,25.50%,45.68%,17.45%,2023/12,03939.HK,14.42億,87.000%,4.62億,32.059%,3.68億,25.501%,0.444,80.526%,2023/12,3939.HK,44895000000.0,L
03968.HK,招商銀行,040101,46.480,-0.100,-0.215%,2.80百萬,1.31億,7.72,1.05,4.71%,"2,133.85億",03968.HK,0.77,N/A,1.22%,13.80%,N/A,42.20%,35.03%,N/A,2023/12,03968.HK,"3,689.83億",-4.000%,"1,908.94億",51.735%,"1,557.09億",42.199%,6.172,4.008%,2023/12,3968.HK,213385000000.0,L
06055.HK,中煙香港,060108,43.840,-0.760,-1.704%,52.50萬,2.31千萬,35.52,10.09,1.05%,303.23億,06055.HK,1.55,0.81,8.88%,24.01%,9.19%,5.06%,36.78%,99.86%,2023/12,06055.HK,118.36億,42.000%,10.26億,8.672%,5.99億,5.059%,0.870,61.111%,2023/12,6055.HK,30323000000.0,L
06088.HK,FIT,070301,6.870,-0.150,-2.137%,1.80千萬,1.24億,40.80,2.61,0.00%,501.68億,06088.HK,1.21,0.90,2.53%,5.30%,19.24%,3.07%,N/A,58.95%,2023/12,06088.HK,327.71億,-7.000%,20.53億,6.265%,10.07億,3.074%,0.142,-24.764%,2023/12,6088.HK,50168000000.0,L
06181.HK,老鋪黃金,020604,677.000,-11.000,-1.599%,54.31萬,3.65億,67.21,27.34,1.02%,944.24億,06181.HK,N/A,N/A,N/A,N/A,N/A,N/A,N/A,N/A,,06181.HK,N/A,N/A,N/A,N/A,N/A,N/A,N/A,N/A,,6181.HK,94424000000.0,L
06186.HK,中國飛鶴,020206,3.920,-0.020,-0.508%,1.03千萬,4.03千萬,9.34,1.29,8.33%,355.36億,06186.HK,N/A,N/A,N/A,N/A,N/A,N/A,N/A,N/A,,06186.HK,214.11億,-10.000%,53.23億,24.863%,37.16億,17.356%,0.406,-34.630%,2023/12,6186.HK,35536000000.0,L
06690.HK,海爾智家,020402,25.120,-0.640,-2.484%,4.11百萬,1.04億,11.67,1.97,4.19%,717.78億,06690.HK,N/A,N/A,N/A,N/A,N/A,N/A,N/A,N/A,,06690.HK,"2,865.71億",4.000%,196.49億,6.857%,181.94億,6.349%,1.962,10.088%,2023/12,6690.HK,71778000000.0,L
06693.HK,赤峰黃金,080601,33.180,+1.540,+4.867%,3.98百萬,1.31億,N/A,N/A,0.00%,630.56億,06693.HK,N/A,N/A,N/A,N/A,N/A,N/A,N/A,N/A,,06693.HK,N/A,N/A,N/A,N/A,N/A,N/A,N/A,N/A,,6693.HK,63055999999.99999,L
06823.HK,香港電訊－ＳＳ,110101,11.660,-0.130,-1.103%,4.53百萬,5.30千萬,17.42,2.31,6.76%,883.80億,06823.HK,0.47,0.42,4.45%,14.13%,49.16%,14.54%,116.09%,132.01%,2023/12,06823.HK,343.30億,N/A,56.16億,16.359%,49.91億,14.538%,0.659,1.824%,2023/12,6823.HK,88380000000.0,L
06862.HK,海底撈,100402,12.890,-0.140,-1.074%,7.18百萬,9.27千萬,13.94,6.48,6.97%,718.49億,06862.HK,2.06,1.91,18.23%,39.03%,100.00%,10.85%,90.56%,63.37%,2023/12,06862.HK,464.72億,30.000%,63.36億,13.943%,49.32億,10.853%,0.910,222.612%,2023/12,6862.HK,71849000000.0,L
06936.HK,順豐控股,100508,36.800,+0.240,+0.656%,44.84萬,1.65千萬,16.43,1.88,1.31%,"1,851.78億",06936.HK,N/A,N/A,N/A,N/A,N/A,N/A,N/A,N/A,,06936.HK,N/A,N/A,N/A,N/A,N/A,N/A,N/A,N/A,,6936.HK,185178000000.0,L
06969.HK,思摩爾國際,060108,17.110,-0.170,-0.984%,4.17百萬,7.07千萬,75.11,4.54,0.58%,"1,059.53億",06969.HK,N/A,N/A,N/A,N/A,N/A,N/A,N/A,N/A,,06969.HK,122.43億,-10.000%,21.23億,17.339%,18.03億,14.730%,0.296,-36.999%,2023/12,6969.HK,105953000000.0,L
06979.HK,珍酒李渡,020204,8.860,-0.070,-0.784%,48.96萬,4.36百萬,20.63,2.02,2.37%,300.23億,06979.HK,N/A,N/A,N/A,N/A,N/A,N/A,N/A,N/A,,06979.HK,77.07億,N/A,23.19億,30.092%,25.51億,33.100%,0.855,N/A,2023/12,6979.HK,30023000000.0,L
09618.HK,京東集團－ＳＷ,070201,137.200,-3.000,-2.140%,8.35百萬,11.47億,9.33,1.72,2.83%,"4,373.32億",09618.HK,N/A,N/A,N/A,N/A,N/A,N/A,N/A,N/A,,09618.HK,"11,890.06億",N/A,285.29億,2.399%,264.92億,2.228%,8.430,125.077%,2023/12,9618.HK,437332000000.0,L
09633.HK,農夫山泉,020205,53.250,-0.500,-0.930%,2.94百萬,1.56億,46.45,17.44,1.54%,"2,680.96億",09633.HK,N/A,N/A,N/A,N/A,N/A,N/A,N/A,N/A,,09633.HK,467.72億,24.000%,171.97億,36.769%,132.42億,28.311%,1.173,36.808%,2023/12,9633.HK,268096000000.0,L
09863.HK,零跑汽車,020101,67.450,-0.400,-0.590%,88.56萬,5.94千萬,無盈利,8.42,0.00%,762.89億,09863.HK,N/A,N/A,N/A,N/A,N/A,N/A,N/A,N/A,,09863.HK,183.58億,31.000%,-47.99億,-26.139%,-46.22億,-25.177%,-3.968,28.065%,2023/12,9863.HK,76289000000.0,L
09866.HK,蔚來－ＳＷ,020101,59.800,-0.100,-0.167%,2.60百萬,1.54億,無盈利,19.74,0.00%,"1,252.80億",09866.HK,N/A,N/A,N/A,N/A,N/A,N/A,N/A,N/A,,09866.HK,609.68億,9.000%,-248.35億,-40.734%,-231.81億,-38.022%,-13.637,-35.976%,2023/12,9866.HK,125280000000.0,L
09868.HK,小鵬汽車－Ｗ,020101,90.650,-1.700,-1.841%,4.66百萬,4.22億,無盈利,5.18,0.00%,"1,731.21億",09868.HK,N/A,N/A,N/A,N/A,N/A,N/A,N/A,N/A,,09868.HK,336.27億,10.000%,-119.37億,-35.498%,-113.74億,-33.824%,-6.533,-8.454%,2023/12,9868.HK,173121000000.0,L
09888.HK,百度集團－ＳＷ,070201,139.200,+1.000,+0.724%,1.16千萬,16.15億,15.37,1.44,0.00%,"4,040.31億",09888.HK,N/A,N/A,N/A,N/A,N/A,N/A,N/A,N/A,,09888.HK,"1,475.46億",5.000%,239.59億,16.238%,222.69億,15.093%,7.651,171.305%,2023/12,9888.HK,404031000000.0,L
09896.HK,名創優品,100305,42.660,-0.440,-1.021%,2.62百萬,1.11億,18.99,4.86,2.74%,527.94億,09896.HK,N/A,N/A,N/A,N/A,N/A,N/A,N/A,N/A,,09896.HK,83.67億,-32.000%,17.03億,20.357%,13.69億,16.357%,1.096,N/A,2023/12,9896.HK,52794000000.00001,L
09961.HK,攜程集團－Ｓ,100403,562.000,-12.500,-2.176%,1.67百萬,9.39億,20.25,2.43,0.41%,"3,671.38億",09961.HK,N/A,N/A,N/A,N/A,N/A,N/A,N/A,N/A,,09961.HK,487.92億,115.000%,124.13億,25.441%,108.72億,22.283%,16.651,580.206%,2023/12,9961.HK,367138000000.0,L
09973.HK,奇瑞汽車,020101,32.800,+0.920,+2.886%,5.12百萬,1.67億,N/A,N/A,0.00%,"1,891.65億",09973.HK,N/A,N/A,N/A,N/A,N/A,N/A,N/A,N/A,,09973.HK,N/A,N/A,N/A,N/A,N/A,N/A,N/A,N/A,,9973.HK,189165000000.0,L
09988.HK,阿里巴巴－Ｗ,070201,180.500,-4.600,-2.485%,4.92千萬,89.15億,24.42,3.17,1.08%,"34,426.10億",09988.HK,N/A,N/A,N/A,N/A,N/A,N/A,N/A,N/A,,09988.HK,"10,151.44億",2.000%,"1,222.59億",12.044%,860.09億,8.473%,4.260,7.730%,2024/03,9988.HK,3442610000000.0,L
09992.HK,泡泡瑪特,020502,256.400,+1.600,+0.628%,5.02百萬,12.79億,102.33,30.31,0.35%,"3,443.31億",09992.HK,N/A,N/A,N/A,N/A,N/A,N/A,N/A,N/A,,09992.HK,69.07億,32.000%,13.49億,19.531%,11.86億,17.177%,0.888,124.884%,2023/12,9992.HK,344331000000.0,L
09999.HK,網易－Ｓ,070204,232.800,-3.800,-1.606%,4.03百萬,9.37億,23.59,5.00,1.72%,"7,375.01億",09999.HK,N/A,N/A,N/A,N/A,N/A,N/A,N/A,N/A,,09999.HK,"1,134.22億",4.000%,303.75億,26.780%,322.46億,28.431%,10.030,42.717%,2023/12,9999.HK,737501000000.0,L
80016.HK,新鴻基地產－Ｒ,090201,85.400,+0.200,+0.235%,0.00,0.00,13.91,0.44,4.10%,"2,474.70億",80016.HK,N/A,N/A,N/A,N/A,N/A,N/A,N/A,N/A,,80016.HK,668.31億,1.000%,250.03億,37.412%,178.01億,26.636%,6.140,-19.735%,2024/06,80016.HK,247469999999.99997,L
80175.HK,吉利汽車－Ｒ,020101,17.450,-0.280,-1.579%,6.00千,10.43萬,34.22,2.28,1.15%,"1,765.69億",80175.HK,N/A,N/A,N/A,N/A,N/A,N/A,N/A,N/A,,80175.HK,"1,792.04億",21.000%,52.31億,2.919%,51.66億,2.883%,0.510,N/A,2023/12,80175.HK,176569000000.0,L
80291.HK,華潤啤酒－Ｒ,020204,24.680,-0.200,-0.804%,0.00,0.00,15.52,2.64,3.79%,800.66億,80291.HK,N/A,N/A,N/A,N/A,N/A,N/A,N/A,N/A,,80291.HK,389.32億,10.000%,70.78億,18.180%,51.53億,13.236%,1.590,18.657%,2023/12,80291.HK,80066000000.0,L
80700.HK,騰訊控股－Ｒ,070201,621.000,+6.000,+0.976%,700.00,43.32萬,50.96,7.28,0.50%,"56,840.15億",80700.HK,N/A,N/A,N/A,N/A,N/A,N/A,N/A,N/A,,80700.HK,"6,090.15億",9.000%,"1,600.74億",26.284%,"1,152.16億",18.918%,12.186,-38.321%,2023/12,80700.HK,5684015000000.0,L
80883.HK,中國海洋石油－Ｒ,030201,17.240,-0.060,-0.347%,10.80萬,1.86百萬,6.63,1.23,6.61%,"8,194.16億",80883.HK,N/A,N/A,N/A,N/A,N/A,N/A,N/A,N/A,,80883.HK,"4,166.09億",-1.000%,"1,677.69億",40.270%,"1,238.43億",29.726%,2.600,-14.191%,2023/12,80883.HK,819416000000.0,L
80941.HK,中國移動－Ｒ,110101,77.000,-0.500,-0.645%,25.30萬,1.95千萬,12.50,1.23,5.72%,"16,648.20億",80941.HK,N/A,N/A,N/A,N/A,N/A,N/A,N/A,N/A,,80941.HK,"10,093.09億",7.000%,"1,343.46億",13.311%,"1,317.66億",13.055%,6.160,4.762%,2023/12,80941.HK,1664820000000.0,L
80992.HK,聯想集團－Ｒ,070302,10.530,-0.220,-2.047%,3.20萬,33.61萬,17.26,3.23,3.35%,"1,306.21億",80992.HK,N/A,N/A,N/A,N/A,N/A,N/A,N/A,N/A,,80992.HK,"4,125.34億",-3.000%,145.52億,3.527%,73.31億,1.777%,0.610,-34.211%,2024/03,80992.HK,130621000000.0,L
81211.HK,比亞迪股－Ｒ一百,020101,99.100,-1.300,-1.295%,1.33萬,1.32百萬,9.60,2.08,3.12%,"3,650.25億",81211.HK,N/A,N/A,N/A,N/A,N/A,N/A,N/A,N/A,,81211.HK,"6,023.15億",42.000%,381.03億,6.326%,300.01億,4.981%,10.320,80.736%,2023/12,81211.HK,365025000000.0,L
81299.HK,友邦保險－Ｒ,040302,69.000,+1.000,+1.471%,7.12萬,4.92百萬,29.34,2.69,2.13%,"7,248.06億",81299.HK,N/A,N/A,N/A,N/A,N/A,N/A,N/A,N/A,,81299.HK,"2,190.96億",-43.000%,344.23億,15.863%,268.20億,12.360%,2.351,"1,598.668%",2023/12,81299.HK,724806000000.0,L
81810.HK,小米集團－ＷＲ,070306,49.500,-1.050,-2.077%,7.04萬,3.49百萬,70.71,7.57,0.00%,"12,883.82億",81810.HK,N/A,N/A,N/A,N/A,N/A,N/A,N/A,N/A,,81810.HK,"2,709.70億",-3.000%,200.09億,7.384%,174.75億,6.449%,0.700,600.000%,2023/12,81810.HK,1288382000000.0,L
82020.HK,安踏體育－Ｒ,020605,83.950,-1.050,-1.235%,0.00,0.00,22.75,4.62,2.14%,"2,356.66億",82020.HK,N/A,N/A,N/A,N/A,N/A,N/A,N/A,N/A,,82020.HK,623.56億,16.000%,153.67億,24.644%,102.36億,16.415%,3.690,30.851%,2023/12,82020.HK,235666000000.0,L
82318.HK,中國平安－Ｒ,040301,48.840,+0.320,+0.660%,2.20萬,1.07百萬,10.09,0.99,4.98%,"3,637.40億",82318.HK,N/A,N/A,N/A,N/A,N/A,N/A,N/A,N/A,,82318.HK,"10,318.63億",4.000%,"1,201.17億",11.641%,856.65億,8.302%,4.840,0.833%,2023/12,82318.HK,363740000000.0,L
82331.HK,李寧－Ｒ,020605,15.720,-0.150,-0.945%,4.50千,7.09萬,12.76,1.69,3.48%,406.33億,82331.HK,N/A,N/A,N/A,N/A,N/A,N/A,N/A,N/A,,82331.HK,275.98億,6.000%,35.59億,12.896%,31.87億,11.547%,1.232,-20.704%,2023/12,82331.HK,40633000000.0,L
82333.HK,長城汽車－Ｒ,020101,15.530,0.000,0.000%,0.00,0.00,18.94,1.93,1.93%,360.11億,82333.HK,N/A,N/A,N/A,N/A,N/A,N/A,N/A,N/A,,82333.HK,"1,732.12億",26.000%,72.01億,4.157%,70.22億,4.054%,0.820,-9.890%,2023/12,82333.HK,36011000000.0,L
82944.HK,比亞迪股－Ｒ五百,020101,103.000,0.000,0.000%,0.00,0.00,N/A,N/A,0.00%,"9,390.71億",82944.HK,N/A,N/A,N/A,N/A,N/A,N/A,N/A,N/A,,82944.HK,N/A,N/A,N/A,N/A,N/A,N/A,N/A,N/A,,82944.HK,939070999999.9999,L
83690.HK,美團－ＷＲ,070201,97.000,-0.150,-0.154%,6.56萬,6.40百萬,43.50,3.99,0.00%,"5,927.76億",83690.HK,N/A,N/A,N/A,N/A,N/A,N/A,N/A,N/A,,83690.HK,"2,767.45億",25.000%,134.15億,4.848%,138.56億,5.007%,2.230,N/A,2023/12,83690.HK,592776000000.0,L
89618.HK,京東集團－ＳＷＲ,070201,125.700,-2.400,-1.874%,3.25千,40.95萬,16.35,1.70,2.15%,"4,006.76億",89618.HK,N/A,N/A,N/A,N/A,N/A,N/A,N/A,N/A,,89618.HK,"10,846.62億",3.000%,260.25億,2.399%,241.67億,2.228%,7.690,131.627%,2023/12,89618.HK,400676000000.0,L
